Workbook
Name CONFLICT_YEAR: 'Inputs'!$B$5
Name CHN_G_2026: 'Inputs'!$B$6
Name CHN_G_2027: 'Inputs'!$B$7
Name CHN_G_2028: 'Inputs'!$B$8
Name CHN_G_2029: 'Inputs'!$B$9
Name CHN_G_2030: 'Inputs'!$B$10
Name CHN_G_2031: 'Inputs'!$B$11
Name US_G_2026: 'Inputs'!$B$12
Name US_G_2027: 'Inputs'!$B$13
Name US_G_2028: 'Inputs'!$B$14
Name US_G_2029: 'Inputs'!$B$15
Name US_G_2030: 'Inputs'!$B$16
Name US_G_2031: 'Inputs'!$B$17
Name CHN_SHOCK_Y1: 'Inputs'!$B$18
Name US_SHOCK_Y1: 'Inputs'!$B$19
Name BASE_RECOVERY_RATE: 'Inputs'!$B$20
Name STIM_PER_10PTS: 'Inputs'!$B$21
Name FISCAL_EFFECT: 'Inputs'!$B$22
Name CHN_AGING_PENALTY: 'Inputs'!$B$23
Name US_AGING_PENALTY: 'Inputs'!$B$24
Name CHN_WAP_2027: 'Inputs'!$B$25
Name CHN_WAP_2031: 'Inputs'!$B$26
Name US_WAP_2027: 'Inputs'!$B$27
Name US_WAP_2031: 'Inputs'!$B$28
Name CHN_LABOR_FACTOR: 'Inputs'!$B$29
Name US_LABOR_FACTOR: 'Inputs'!$B$30
Name CHN_WAP_2015: 'Inputs'!$B$31
Name CHN_WAP_2025: 'Inputs'!$B$32
Name US_WAP_2015: 'Inputs'!$B$33
Name US_WAP_2025: 'Inputs'!$B$34
Name CHN_LABOR_FACTOR_1525: 'Inputs'!$B$35
Name US_LABOR_FACTOR_1525: 'Inputs'!$B$36
Name CHN_BASE_2026: 'Baseline'!$C$5
Name US_BASE_2026: 'Baseline'!$E$5
Name CHN_BASE_2027: 'Baseline'!$C$6
Name US_BASE_2027: 'Baseline'!$E$6
Name CHN_BASE_2028: 'Baseline'!$C$7
Name US_BASE_2028: 'Baseline'!$E$7
Name CHN_BASE_2029: 'Baseline'!$C$8
Name US_BASE_2029: 'Baseline'!$E$8
Name CHN_BASE_2030: 'Baseline'!$C$9
Name US_BASE_2030: 'Baseline'!$E$9
Name CHN_BASE_2031: 'Baseline'!$C$10
Name US_BASE_2031: 'Baseline'!$E$10
Name CHN_STIM: 'Scenario'!$B$5
Name US_STIM: 'Scenario'!$C$5
Name CHN_EFFECTIVENESS: 'Scenario'!$B$6
Name US_EFFECTIVENESS: 'Scenario'!$C$6
Name CHN_RECOVERY_PTS: 'Scenario'!$B$7
Name US_RECOVERY_PTS: 'Scenario'!$C$7
Name CHN_GAP_2027: 'Scenario'!$C$10
Name US_GAP_2027: 'Scenario'!$E$10
Name CHN_GAP_2028: 'Scenario'!$C$11
Name US_GAP_2028: 'Scenario'!$E$11
Name CHN_GAP_2029: 'Scenario'!$C$12
Name US_GAP_2029: 'Scenario'!$E$12
Name CHN_GAP_2030: 'Scenario'!$C$13
Name US_GAP_2030: 'Scenario'!$E$13
Name CHN_GAP_2031: 'Scenario'!$C$14
Name US_GAP_2031: 'Scenario'!$E$14

Sheet Inputs
A1: Inputs — the named contract
A2: Every named input from capabilities/economic-research/spec.md (locked 2026-10-05). Yellow = source value; derived values are formulas at full precision.
A4: Named range | B4: Value | C4: Unit | D4: Source
A5: CONFLICT_YEAR | B5: 2027 | C5: year | D5: Scenario assumption: PLA readiness goal (LaGrone, 2021); no fixed timeline (ODNI, 2026)
A6: CHN_G_2026 | B6: 4.4 | C6: % real GDP growth | D6: IMF (2026), WEO April 2026
A7: CHN_G_2027 | B7: 4 | C7: % real GDP growth | D7: IMF (2026), WEO April 2026
A8: CHN_G_2028 | B8: 4 | C8: % real GDP growth | D8: IMF (2026), WEO April 2026
A9: CHN_G_2029 | B9: 3.7 | C9: % real GDP growth | D9: IMF (2026), WEO April 2026
A10: CHN_G_2030 | B10: 3.3 | C10: % real GDP growth | D10: IMF (2026), WEO April 2026
A11: CHN_G_2031 | B11: 3.3 | C11: % real GDP growth | D11: IMF (2026), WEO April 2026
A12: US_G_2026 | B12: 2.3 | C12: % real GDP growth | D12: IMF (2026), WEO April 2026
A13: US_G_2027 | B13: 2.1 | C13: % real GDP growth | D13: IMF (2026), WEO April 2026
A14: US_G_2028 | B14: 2.1 | C14: % real GDP growth | D14: IMF (2026), WEO April 2026
A15: US_G_2029 | B15: 1.9 | C15: % real GDP growth | D15: IMF (2026), WEO April 2026
A16: US_G_2030 | B16: 1.8 | C16: % real GDP growth | D16: IMF (2026), WEO April 2026
... A28: US_WAP_2031 | B28: 221.79555 | C28: million, ages 15–64 (projected) | D28: World Bank, Population estimates and projections (2026)
A29: CHN_LABOR_FACTOR | B29: =CHN_WAP_2031/CHN_WAP_2027 | C29: ratio | D29: Derived: workforce change during the war and recovery years
A30: US_LABOR_FACTOR | B30: =US_WAP_2031/US_WAP_2027 | C30: ratio | D30: Derived
A31: CHN_WAP_2015 | B31: 988.37212 | C31: million, ages 15–64 | D31: World Bank (WDI) — Sensitivity only
A32: CHN_WAP_2025 | B32: 980.1264 | C32: million, ages 15–64 | D32: World Bank (WDI) — Sensitivity only
A33: US_WAP_2015 | B33: 214.00088 | C33: million, ages 15–64 | D33: World Bank (WDI) — Sensitivity only
A34: US_WAP_2025 | B34: 220.49817 | C34: million, ages 15–64 | D34: World Bank (WDI) — Sensitivity only
A35: CHN_LABOR_FACTOR_1525 | B35: =CHN_WAP_2025/CHN_WAP_2015 | C35: ratio | D35: Derived — Sensitivity only (2015–2025 version)
A36: US_LABOR_FACTOR_1525 | B36: =US_WAP_2025/US_WAP_2015 | C36: ratio | D36: Derived — Sensitivity only (2015–2025 version)

Sheet Baseline
A1: Baseline — no-war real GDP index (2026 = 100)
A2: BASE_2026 = 100; BASE_t = BASE_{t−1} × (1 + G_t / 100), grown at IMF WEO April 2026 rates.
A4: Year | B4: China growth % | C4: China index | D4: U.S. growth % | E4: U.S. index
A5: 2026 | B5: =CHN_G_2026 | C5: 100 | D5: =US_G_2026 | E5: 100
A6: 2027 | B6: =CHN_G_2027 | C6: =C5*(1+B6/100) | D6: =US_G_2027 | E6: =E5*(1+D6/100)
A7: 2028 | B7: =CHN_G_2028 | C7: =C6*(1+B7/100) | D7: =US_G_2028 | E7: =E6*(1+D7/100)
A8: 2029 | B8: =CHN_G_2029 | C8: =C7*(1+B8/100) | D8: =US_G_2029 | E8: =E7*(1+D8/100)
A9: 2030 | B9: =CHN_G_2030 | C9: =C8*(1+B9/100) | D9: =US_G_2030 | E9: =E8*(1+D9/100)
A10: 2031 | B10: =CHN_G_2031 | C10: =C9*(1+B10/100) | D10: =US_G_2031 | E10: =E9*(1+D10/100)

Sheet Scenario
A1: Scenario — year-one gap (2027), then years 2–5 (2028–2031)
A2: GAP_t = MIN(0, GAP_{t−1} × (1 − BASE_RECOVERY_RATE) + RECOVERY_PTS / 4); SCEN_t = BASE_t × (1 + GAP_t / 100).
A4: Stimulus and effectiveness | B4: China | C4: U.S. | D4: Unit / formula
A5: STIM | B5: =STIM_PER_10PTS*ABS(CHN_SHOCK_Y1)/10 | C5: =STIM_PER_10PTS*ABS(US_SHOCK_Y1)/10 | D5: % of GDP = STIM_PER_10PTS × |SHOCK_Y1| / 10
A6: EFFECTIVENESS | B6: =(1-CHN_AGING_PENALTY)*CHN_LABOR_FACTOR | C6: =(1-US_AGING_PENALTY)*US_LABOR_FACTOR | D6: (1 − AGING_PENALTY) × LABOR_FACTOR
A7: RECOVERY_PTS | B7: =CHN_STIM*FISCAL_EFFECT*CHN_EFFECTIVENESS | C7: =US_STIM*FISCAL_EFFECT*US_EFFECTIVENESS | D7: points of gap closed by year 5 = STIM × FISCAL_EFFECT × EFFECTIVENESS
A9: Year | B9: Year of conflict | C9: China gap % | D9: China scenario index | E9: U.S. gap % | F9: U.S. scenario index
A10: 2027 | B10: =A10-CONFLICT_YEAR+1 | C10: =CHN_SHOCK_Y1 | D10: =CHN_BASE_2027*(1+C10/100) | E10: =US_SHOCK_Y1 | F10: =US_BASE_2027*(1+E10/100)
A11: 2028 | B11: =A11-CONFLICT_YEAR+1 | C11: =MIN(0,C10*(1-BASE_RECOVERY_RATE)+CHN_RECOVERY_PTS/4) | D11: =CHN_BASE_2028*(1+C11/100) | E11: =MIN(0,E10*(1-BASE_RECOVERY_RATE)+US_RECOVERY_PTS/4) | F11: =US_BASE_2028*(1+E11/100)
A12: 2029 | B12: =A12-CONFLICT_YEAR+1 | C12: =MIN(0,C11*(1-BASE_RECOVERY_RATE)+CHN_RECOVERY_PTS/4) | D12: =CHN_BASE_2029*(1+C12/100) | E12: =MIN(0,E11*(1-BASE_RECOVERY_RATE)+US_RECOVERY_PTS/4) | F12: =US_BASE_2029*(1+E12/100)
A13: 2030 | B13: =A13-CONFLICT_YEAR+1 | C13: =MIN(0,C12*(1-BASE_RECOVERY_RATE)+CHN_RECOVERY_PTS/4) | D13: =CHN_BASE_2030*(1+C13/100) | E13: =MIN(0,E12*(1-BASE_RECOVERY_RATE)+US_RECOVERY_PTS/4) | F13: =US_BASE_2030*(1+E13/100)
A14: 2031 | B14: =A14-CONFLICT_YEAR+1 | C14: =MIN(0,C13*(1-BASE_RECOVERY_RATE)+CHN_RECOVERY_PTS/4) | D14: =CHN_BASE_2031*(1+C14/100) | E14: =MIN(0,E13*(1-BASE_RECOVERY_RATE)+US_RECOVERY_PTS/4) | F14: =US_BASE_2031*(1+E14/100)

Sheet Recovery
A1: Recovery — share of the year-one loss recovered by year 5 (2031)
A2: RECOVERED_5 = 1 − GAP_2031 / GAP_2027. Falsifier from the brief: if China's RECOVERED_5 ≥ the U.S. RECOVERED_5, the hypothesis is wrong.
A4: Measure | B4: China | C4: U.S. | D4: Note
A5: Year-one gap (2027), % | B5: =CHN_GAP_2027 | C5: =US_GAP_2027
A6: Year-5 gap (2031), % | B6: =CHN_GAP_2031 | C6: =US_GAP_2031
A7: RECOVERED_5 | B7: =1-CHN_GAP_2031/CHN_GAP_2027 | C7: =1-US_GAP_2031/US_GAP_2027
A8: U.S. minus China (percentage points) | B8: =(US_RECOVERED_5-CHN_RECOVERED_5)*100 | D8: Positive = U.S. recovers a larger share (what the hypothesis predicts)
A10: Falsifier rule | B10: If China's RECOVERED_5 ≥ U.S. RECOVERED_5, the hypothesis is wrong.
A11: HYPOTHESIS_RESULT | B11: =IF(CHN_RECOVERED_5>=US_RECOVERED_5,"FAIL — falsifier triggered","PASS — hypothesis survives")

Sheet Sensitivity
A1: Sensitivity — one input changed per row, everything else from Inputs
A2: Each row reruns the full gap path with its own values. Changed value is shown in the row; other columns reference the named inputs.
A4: Case | B4: STIM_PER_10PTS | C4: BASE_RECOVERY_RATE | D4: CHN_AGING_PENALTY | E4: US_AGING_PENALTY | F4: CHN_LABOR_FACTOR | G4: US_LABOR_FACTOR | H4: CHN gap 2027 | I4: CHN gap 2028 | J4: CHN gap 2029 | K4: CHN gap 2030 | L4: CHN gap 2031 | M4: US gap 2027 | N4: US gap 2028 | O4: US gap 2029 | P4: US gap 2030 | Q4: US gap 2031 | R4: CHN RECOVERED_5 | S4: US RECOVERED_5 | T4: U.S. − China (pts) | U4: Falsifier
A5: Main result (locked inputs) | B5: =STIM_PER_10PTS | C5: =BASE_RECOVERY_RATE | D5: =CHN_AGING_PENALTY | E5: =US_AGING_PENALTY | F5: =CHN_LABOR_FACTOR | G5: =US_LABOR_FACTOR | H5: =CHN_SHOCK_Y1 | I5: =MIN(0,H5*(1-$C5)+($B5*ABS(CHN_SHOCK_Y1)/10*FISCAL_EFFECT*(1-$D5)*$F5)/4) | J5: =MIN(0,I5*(1-$C5)+($B5*ABS(CHN_SHOCK_Y1)/10*FISCAL_EFFECT*(1-$D5)*$F5)/4) | K5: =MIN(0,J5*(1-$C5)+($B5*ABS(CHN_SHOCK_Y1)/10*FISCAL_EFFECT*(1-$D5)*$F5)/4) | L5: =MIN(0,K5*(1-$C5)+($B5*ABS(CHN_SHOCK_Y1)/10*FISCAL_EFFECT*(1-$D5)*$F5)/4) | M5: =US_SHOCK_Y1 | N5: =MIN(0,M5*(1-$C5)+($B5*ABS(US_SHOCK_Y1)/10*FISCAL_EFFECT*(1-$E5)*$G5)/4) | O5: =MIN(0,N5*(1-$C5)+($B5*ABS(US_SHOCK_Y1)/10*FISCAL_EFFECT*(1-$E5)*$G5)/4) | P5: =MIN(0,O5*(1-$C5)+($B5*ABS(US_SHOCK_Y1)/10*FISCAL_EFFECT*(1-$E5)*$G5)/4) | Q5: =MIN(0,P5*(1-$C5)+($B5*ABS(US_SHOCK_Y1)/10*FISCAL_EFFECT*(1-$E5)*$G5)/4) | R5: =1-L5/H5 | S5: =1-Q5/M5 | T5: =(S5-R5)*100 | U5: =IF(R5>=S5,"FAIL","PASS")
A6: STIM_PER_10PTS = 0 | B6: 0 | C6: =BASE_RECOVERY_RATE | D6: =CHN_AGING_PENALTY | E6: =US_AGING_PENALTY | F6: =CHN_LABOR_FACTOR | G6: =US_LABOR_FACTOR | H6: =CHN_SHOCK_Y1 | I6: =MIN(0,H6*(1-$C6)+($B6*ABS(CHN_SHOCK_Y1)/10*FISCAL_EFFECT*(1-$D6)*$F6)/4) | J6: =MIN(0,I6*(1-$C6)+($B6*ABS(CHN_SHOCK_Y1)/10*FISCAL_EFFECT*(1-$D6)*$F6)/4) | K6: =MIN(0,J6*(1-$C6)+($B6*ABS(CHN_SHOCK_Y1)/10*FISCAL_EFFECT*(1-$D6)*$F6)/4) | L6: =MIN(0,K6*(1-$C6)+($B6*ABS(CHN_SHOCK_Y1)/10*FISCAL_EFFECT*(1-$D6)*$F6)/4) | M6: =US_SHOCK_Y1 | N6: =MIN(0,M6*(1-$C6)+($B6*ABS(US_SHOCK_Y1)/10*FISCAL_EFFECT*(1-$E6)*$G6)/4) | O6: =MIN(0,N6*(1-$C6)+($B6*ABS(US_SHOCK_Y1)/10*FISCAL_EFFECT*(1-$E6)*$G6)/4) | P6: =MIN(0,O6*(1-$C6)+($B6*ABS(US_SHOCK_Y1)/10*FISCAL_EFFECT*(1-$E6)*$G6)/4) | Q6: =MIN(0,P6*(1-$C6)+($B6*ABS(US_SHOCK_Y1)/10*FISCAL_EFFECT*(1-$E6)*$G6)/4) | R6: =1-L6/H6 | S6: =1-Q6/M6 | T6: =(S6-R6)*100 | U6: =IF(R6>=S6,"FAIL","PASS")
A7: STIM_PER_10PTS = 2.5 | B7: 2.5 | C7: =BASE_RECOVERY_RATE | D7: =CHN_AGING_PENALTY | E7: =US_AGING_PENALTY | F7: =CHN_LABOR_FACTOR | G7: =US_LABOR_FACTOR | H7: =CHN_SHOCK_Y1 | I7: =MIN(0,H7*(1-$C7)+($B7*ABS(CHN_SHOCK_Y1)/10*FISCAL_EFFECT*(1-$D7)*$F7)/4) | J7: =MIN(0,I7*(1-$C7)+($B7*ABS(CHN_SHOCK_Y1)/10*FISCAL_EFFECT*(1-$D7)*$F7)/4) | K7: =MIN(0,J7*(1-$C7)+($B7*ABS(CHN_SHOCK_Y1)/10*FISCAL_EFFECT*(1-$D7)*$F7)/4) | L7: =MIN(0,K7*(1-$C7)+($B7*ABS(CHN_SHOCK_Y1)/10*FISCAL_EFFECT*(1-$D7)*$F7)/4) | M7: =US_SHOCK_Y1 | N7: =MIN(0,M7*(1-$C7)+($B7*ABS(US_SHOCK_Y1)/10*FISCAL_EFFECT*(1-$E7)*$G7)/4) | O7: =MIN(0,N7*(1-$C7)+($B7*ABS(US_SHOCK_Y1)/10*FISCAL_EFFECT*(1-$E7)*$G7)/4) | P7: =MIN(0,O7*(1-$C7)+($B7*ABS(US_SHOCK_Y1)/10*FISCAL_EFFECT*(1-$E7)*$G7)/4) | Q7: =MIN(0,P7*(1-$C7)+($B7*ABS(US_SHOCK_Y1)/10*FISCAL_EFFECT*(1-$E7)*$G7)/4) | R7: =1-L7/H7 | S7: =1-Q7/M7 | T7: =(S7-R7)*100 | U7: =IF(R7>=S7,"FAIL","PASS")
A8: STIM_PER_10PTS = 5 | B8: 5 | C8: =BASE_RECOVERY_RATE | D8: =CHN_AGING_PENALTY | E8: =US_AGING_PENALTY | F8: =CHN_LABOR_FACTOR | G8: =US_LABOR_FACTOR | H8: =CHN_SHOCK_Y1 | I8: =MIN(0,H8*(1-$C8)+($B8*ABS(CHN_SHOCK_Y1)/10*FISCAL_EFFECT*(1-$D8)*$F8)/4) | J8: =MIN(0,I8*(1-$C8)+($B8*ABS(CHN_SHOCK_Y1)/10*FISCAL_EFFECT*(1-$D8)*$F8)/4) | K8: =MIN(0,J8*(1-$C8)+($B8*ABS(CHN_SHOCK_Y1)/10*FISCAL_EFFECT*(1-$D8)*$F8)/4) | L8: =MIN(0,K8*(1-$C8)+($B8*ABS(CHN_SHOCK_Y1)/10*FISCAL_EFFECT*(1-$D8)*$F8)/4) | M8: =US_SHOCK_Y1 | N8: =MIN(0,M8*(1-$C8)+($B8*ABS(US_SHOCK_Y1)/10*FISCAL_EFFECT*(1-$E8)*$G8)/4) | O8: =MIN(0,N8*(1-$C8)+($B8*ABS(US_SHOCK_Y1)/10*FISCAL_EFFECT*(1-$E8)*$G8)/4) | P8: =MIN(0,O8*(1-$C8)+($B8*ABS(US_SHOCK_Y1)/10*FISCAL_EFFECT*(1-$E8)*$G8)/4) | Q8: =MIN(0,P8*(1-$C8)+($B8*ABS(US_SHOCK_Y1)/10*FISCAL_EFFECT*(1-$E8)*$G8)/4) | R8: =1-L8/H8 | S8: =1-Q8/M8 | T8: =(S8-R8)*100 | U8: =IF(R8>=S8,"FAIL","PASS")
A9: STIM_PER_10PTS = 7.5 | B9: 7.5 | C9: =BASE_RECOVERY_RATE | D9: =CHN_AGING_PENALTY | E9: =US_AGING_PENALTY | F9: =CHN_LABOR_FACTOR | G9: =US_LABOR_FACTOR | H9: =CHN_SHOCK_Y1 | I9: =MIN(0,H9*(1-$C9)+($B9*ABS(CHN_SHOCK_Y1)/10*FISCAL_EFFECT*(1-$D9)*$F9)/4) | J9: =MIN(0,I9*(1-$C9)+($B9*ABS(CHN_SHOCK_Y1)/10*FISCAL_EFFECT*(1-$D9)*$F9)/4) | K9: =MIN(0,J9*(1-$C9)+($B9*ABS(CHN_SHOCK_Y1)/10*FISCAL_EFFECT*(1-$D9)*$F9)/4) | L9: =MIN(0,K9*(1-$C9)+($B9*ABS(CHN_SHOCK_Y1)/10*FISCAL_EFFECT*(1-$D9)*$F9)/4) | M9: =US_SHOCK_Y1 | N9: =MIN(0,M9*(1-$C9)+($B9*ABS(US_SHOCK_Y1)/10*FISCAL_EFFECT*(1-$E9)*$G9)/4) | O9: =MIN(0,N9*(1-$C9)+($B9*ABS(US_SHOCK_Y1)/10*FISCAL_EFFECT*(1-$E9)*$G9)/4) | P9: =MIN(0,O9*(1-$C9)+($B9*ABS(US_SHOCK_Y1)/10*FISCAL_EFFECT*(1-$E9)*$G9)/4) | Q9: =MIN(0,P9*(1-$C9)+($B9*ABS(US_SHOCK_Y1)/10*FISCAL_EFFECT*(1-$E9)*$G9)/4) | R9: =1-L9/H9 | S9: =1-Q9/M9 | T9: =(S9-R9)*100 | U9: =IF(R9>=S9,"FAIL","PASS")
A10: STIM_PER_10PTS = 10 | B10: 10 | C10: =BASE_RECOVERY_RATE | D10: =CHN_AGING_PENALTY | E10: =US_AGING_PENALTY | F10: =CHN_LABOR_FACTOR | G10: =US_LABOR_FACTOR | H10: =CHN_SHOCK_Y1 | I10: =MIN(0,H10*(1-$C10)+($B10*ABS(CHN_SHOCK_Y1)/10*FISCAL_EFFECT*(1-$D10)*$F10)/4) | J10: =MIN(0,I10*(1-$C10)+($B10*ABS(CHN_SHOCK_Y1)/10*FISCAL_EFFECT*(1-$D10)*$F10)/4) | K10: =MIN(0,J10*(1-$C10)+($B10*ABS(CHN_SHOCK_Y1)/10*FISCAL_EFFECT*(1-$D10)*$F10)/4) | L10: =MIN(0,K10*(1-$C10)+($B10*ABS(CHN_SHOCK_Y1)/10*FISCAL_EFFECT*(1-$D10)*$F10)/4) | M10: =US_SHOCK_Y1 | N10: =MIN(0,M10*(1-$C10)+($B10*ABS(US_SHOCK_Y1)/10*FISCAL_EFFECT*(1-$E10)*$G10)/4) | O10: =MIN(0,N10*(1-$C10)+($B10*ABS(US_SHOCK_Y1)/10*FISCAL_EFFECT*(1-$E10)*$G10)/4) | P10: =MIN(0,O10*(1-$C10)+($B10*ABS(US_SHOCK_Y1)/10*FISCAL_EFFECT*(1-$E10)*$G10)/4) | Q10: =MIN(0,P10*(1-$C10)+($B10*ABS(US_SHOCK_Y1)/10*FISCAL_EFFECT*(1-$E10)*$G10)/4) | R10: =1-L10/H10 | S10: =1-Q10/M10 | T10: =(S10-R10)*100 | U10: =IF(R10>=S10,"FAIL","PASS")
A11: BASE_RECOVERY_RATE = 0 | B11: =STIM_PER_10PTS | C11: 0 | D11: =CHN_AGING_PENALTY | E11: =US_AGING_PENALTY | F11: =CHN_LABOR_FACTOR | G11: =US_LABOR_FACTOR | H11: =CHN_SHOCK_Y1 | I11: =MIN(0,H11*(1-$C11)+($B11*ABS(CHN_SHOCK_Y1)/10*FISCAL_EFFECT*(1-$D11)*$F11)/4) | J11: =MIN(0,I11*(1-$C11)+($B11*ABS(CHN_SHOCK_Y1)/10*FISCAL_EFFECT*(1-$D11)*$F11)/4) | K11: =MIN(0,J11*(1-$C11)+($B11*ABS(CHN_SHOCK_Y1)/10*FISCAL_EFFECT*(1-$D11)*$F11)/4) | L11: =MIN(0,K11*(1-$C11)+($B11*ABS(CHN_SHOCK_Y1)/10*FISCAL_EFFECT*(1-$D11)*$F11)/4) | M11: =US_SHOCK_Y1 | N11: =MIN(0,M11*(1-$C11)+($B11*ABS(US_SHOCK_Y1)/10*FISCAL_EFFECT*(1-$E11)*$G11)/4) | O11: =MIN(0,N11*(1-$C11)+($B11*ABS(US_SHOCK_Y1)/10*FISCAL_EFFECT*(1-$E11)*$G11)/4) | P11: =MIN(0,O11*(1-$C11)+($B11*ABS(US_SHOCK_Y1)/10*FISCAL_EFFECT*(1-$E11)*$G11)/4) | Q11: =MIN(0,P11*(1-$C11)+($B11*ABS(US_SHOCK_Y1)/10*FISCAL_EFFECT*(1-$E11)*$G11)/4) | R11: =1-L11/H11 | S11: =1-Q11/M11 | T11: =(S11-R11)*100 | U11: =IF(R11>=S11,"FAIL","PASS")
A12: BASE_RECOVERY_RATE = 0.05 | B12: =STIM_PER_10PTS | C12: 0.05 | D12: =CHN_AGING_PENALTY | E12: =US_AGING_PENALTY | F12: =CHN_LABOR_FACTOR | G12: =US_LABOR_FACTOR | H12: =CHN_SHOCK_Y1 | I12: =MIN(0,H12*(1-$C12)+($B12*ABS(CHN_SHOCK_Y1)/10*FISCAL_EFFECT*(1-$D12)*$F12)/4) | J12: =MIN(0,I12*(1-$C12)+($B12*ABS(CHN_SHOCK_Y1)/10*FISCAL_EFFECT*(1-$D12)*$F12)/4) | K12: =MIN(0,J12*(1-$C12)+($B12*ABS(CHN_SHOCK_Y1)/10*FISCAL_EFFECT*(1-$D12)*$F12)/4) | L12: =MIN(0,K12*(1-$C12)+($B12*ABS(CHN_SHOCK_Y1)/10*FISCAL_EFFECT*(1-$D12)*$F12)/4) | M12: =US_SHOCK_Y1 | N12: =MIN(0,M12*(1-$C12)+($B12*ABS(US_SHOCK_Y1)/10*FISCAL_EFFECT*(1-$E12)*$G12)/4) | O12: =MIN(0,N12*(1-$C12)+($B12*ABS(US_SHOCK_Y1)/10*FISCAL_EFFECT*(1-$E12)*$G12)/4) | P12: =MIN(0,O12*(1-$C12)+($B12*ABS(US_SHOCK_Y1)/10*FISCAL_EFFECT*(1-$E12)*$G12)/4) | Q12: =MIN(0,P12*(1-$C12)+($B12*ABS(US_SHOCK_Y1)/10*FISCAL_EFFECT*(1-$E12)*$G12)/4) | R12: =1-L12/H12 | S12: =1-Q12/M12 | T12: =(S12-R12)*100 | U12: =IF(R12>=S12,"FAIL","PASS")
A13: BASE_RECOVERY_RATE = 0.1 | B13: =STIM_PER_10PTS | C13: 0.1 | D13: =CHN_AGING_PENALTY | E13: =US_AGING_PENALTY | F13: =CHN_LABOR_FACTOR | G13: =US_LABOR_FACTOR | H13: =CHN_SHOCK_Y1 | I13: =MIN(0,H13*(1-$C13)+($B13*ABS(CHN_SHOCK_Y1)/10*FISCAL_EFFECT*(1-$D13)*$F13)/4) | J13: =MIN(0,I13*(1-$C13)+($B13*ABS(CHN_SHOCK_Y1)/10*FISCAL_EFFECT*(1-$D13)*$F13)/4) | K13: =MIN(0,J13*(1-$C13)+($B13*ABS(CHN_SHOCK_Y1)/10*FISCAL_EFFECT*(1-$D13)*$F13)/4) | L13: =MIN(0,K13*(1-$C13)+($B13*ABS(CHN_SHOCK_Y1)/10*FISCAL_EFFECT*(1-$D13)*$F13)/4) | M13: =US_SHOCK_Y1 | N13: =MIN(0,M13*(1-$C13)+($B13*ABS(US_SHOCK_Y1)/10*FISCAL_EFFECT*(1-$E13)*$G13)/4) | O13: =MIN(0,N13*(1-$C13)+($B13*ABS(US_SHOCK_Y1)/10*FISCAL_EFFECT*(1-$E13)*$G13)/4) | P13: =MIN(0,O13*(1-$C13)+($B13*ABS(US_SHOCK_Y1)/10*FISCAL_EFFECT*(1-$E13)*$G13)/4) | Q13: =MIN(0,P13*(1-$C13)+($B13*ABS(US_SHOCK_Y1)/10*FISCAL_EFFECT*(1-$E13)*$G13)/4) | R13: =1-L13/H13 | S13: =1-Q13/M13 | T13: =(S13-R13)*100 | U13: =IF(R13>=S13,"FAIL","PASS")
A14: BASE_RECOVERY_RATE = 0.2 | B14: =STIM_PER_10PTS | C14: 0.2 | D14: =CHN_AGING_PENALTY | E14: =US_AGING_PENALTY | F14: =CHN_LABOR_FACTOR | G14: =US_LABOR_FACTOR | H14: =CHN_SHOCK_Y1 | I14: =MIN(0,H14*(1-$C14)+($B14*ABS(CHN_SHOCK_Y1)/10*FISCAL_EFFECT*(1-$D14)*$F14)/4) | J14: =MIN(0,I14*(1-$C14)+($B14*ABS(CHN_SHOCK_Y1)/10*FISCAL_EFFECT*(1-$D14)*$F14)/4) | K14: =MIN(0,J14*(1-$C14)+($B14*ABS(CHN_SHOCK_Y1)/10*FISCAL_EFFECT*(1-$D14)*$F14)/4) | L14: =MIN(0,K14*(1-$C14)+($B14*ABS(CHN_SHOCK_Y1)/10*FISCAL_EFFECT*(1-$D14)*$F14)/4) | M14: =US_SHOCK_Y1 | N14: =MIN(0,M14*(1-$C14)+($B14*ABS(US_SHOCK_Y1)/10*FISCAL_EFFECT*(1-$E14)*$G14)/4) | O14: =MIN(0,N14*(1-$C14)+($B14*ABS(US_SHOCK_Y1)/10*FISCAL_EFFECT*(1-$E14)*$G14)/4) | P14: =MIN(0,O14*(1-$C14)+($B14*ABS(US_SHOCK_Y1)/10*FISCAL_EFFECT*(1-$E14)*$G14)/4) | Q14: =MIN(0,P14*(1-$C14)+($B14*ABS(US_SHOCK_Y1)/10*FISCAL_EFFECT*(1-$E14)*$G14)/4) | R14: =1-L14/H14 | S14: =1-Q14/M14 | T14: =(S14-R14)*100 | U14: =IF(R14>=S14,"FAIL","PASS")
A15: CHN_AGING_PENALTY = 0 | B15: =STIM_PER_10PTS | C15: =BASE_RECOVERY_RATE | D15: 0 | E15: =US_AGING_PENALTY | F15: =CHN_LABOR_FACTOR | G15: =US_LABOR_FACTOR | H15: =CHN_SHOCK_Y1 | I15: =MIN(0,H15*(1-$C15)+($B15*ABS(CHN_SHOCK_Y1)/10*FISCAL_EFFECT*(1-$D15)*$F15)/4) | J15: =MIN(0,I15*(1-$C15)+($B15*ABS(CHN_SHOCK_Y1)/10*FISCAL_EFFECT*(1-$D15)*$F15)/4) | K15: =MIN(0,J15*(1-$C15)+($B15*ABS(CHN_SHOCK_Y1)/10*FISCAL_EFFECT*(1-$D15)*$F15)/4) | L15: =MIN(0,K15*(1-$C15)+($B15*ABS(CHN_SHOCK_Y1)/10*FISCAL_EFFECT*(1-$D15)*$F15)/4) | M15: =US_SHOCK_Y1 | N15: =MIN(0,M15*(1-$C15)+($B15*ABS(US_SHOCK_Y1)/10*FISCAL_EFFECT*(1-$E15)*$G15)/4) | O15: =MIN(0,N15*(1-$C15)+($B15*ABS(US_SHOCK_Y1)/10*FISCAL_EFFECT*(1-$E15)*$G15)/4) | P15: =MIN(0,O15*(1-$C15)+($B15*ABS(US_SHOCK_Y1)/10*FISCAL_EFFECT*(1-$E15)*$G15)/4) | Q15: =MIN(0,P15*(1-$C15)+($B15*ABS(US_SHOCK_Y1)/10*FISCAL_EFFECT*(1-$E15)*$G15)/4) | R15: =1-L15/H15 | S15: =1-Q15/M15 | T15: =(S15-R15)*100 | U15: =IF(R15>=S15,"FAIL","PASS")
A16: CHN_AGING_PENALTY = 0.15 | B16: =STIM_PER_10PTS | C16: =BASE_RECOVERY_RATE | D16: 0.15 | E16: =US_AGING_PENALTY | F16: =CHN_LABOR_FACTOR | G16: =US_LABOR_FACTOR | H16: =CHN_SHOCK_Y1 | I16: =MIN(0,H16*(1-$C16)+($B16*ABS(CHN_SHOCK_Y1)/10*FISCAL_EFFECT*(1-$D16)*$F16)/4) | J16: =MIN(0,I16*(1-$C16)+($B16*ABS(CHN_SHOCK_Y1)/10*FISCAL_EFFECT*(1-$D16)*$F16)/4) | K16: =MIN(0,J16*(1-$C16)+($B16*ABS(CHN_SHOCK_Y1)/10*FISCAL_EFFECT*(1-$D16)*$F16)/4) | L16: =MIN(0,K16*(1-$C16)+($B16*ABS(CHN_SHOCK_Y1)/10*FISCAL_EFFECT*(1-$D16)*$F16)/4) | M16: =US_SHOCK_Y1 | N16: =MIN(0,M16*(1-$C16)+($B16*ABS(US_SHOCK_Y1)/10*FISCAL_EFFECT*(1-$E16)*$G16)/4) | O16: =MIN(0,N16*(1-$C16)+($B16*ABS(US_SHOCK_Y1)/10*FISCAL_EFFECT*(1-$E16)*$G16)/4) | P16: =MIN(0,O16*(1-$C16)+($B16*ABS(US_SHOCK_Y1)/10*FISCAL_EFFECT*(1-$E16)*$G16)/4) | Q16: =MIN(0,P16*(1-$C16)+($B16*ABS(US_SHOCK_Y1)/10*FISCAL_EFFECT*(1-$E16)*$G16)/4) | R16: =1-L16/H16 | S16: =1-Q16/M16 | T16: =(S16-R16)*100 | U16: =IF(R16>=S16,"FAIL","PASS")
A17: CHN_AGING_PENALTY = 0.3 | B17: =STIM_PER_10PTS | C17: =BASE_RECOVERY_RATE | D17: 0.3 | E17: =US_AGING_PENALTY | F17: =CHN_LABOR_FACTOR | G17: =US_LABOR_FACTOR | H17: =CHN_SHOCK_Y1 | I17: =MIN(0,H17*(1-$C17)+($B17*ABS(CHN_SHOCK_Y1)/10*FISCAL_EFFECT*(1-$D17)*$F17)/4) | J17: =MIN(0,I17*(1-$C17)+($B17*ABS(CHN_SHOCK_Y1)/10*FISCAL_EFFECT*(1-$D17)*$F17)/4) | K17: =MIN(0,J17*(1-$C17)+($B17*ABS(CHN_SHOCK_Y1)/10*FISCAL_EFFECT*(1-$D17)*$F17)/4) | L17: =MIN(0,K17*(1-$C17)+($B17*ABS(CHN_SHOCK_Y1)/10*FISCAL_EFFECT*(1-$D17)*$F17)/4) | M17: =US_SHOCK_Y1 | N17: =MIN(0,M17*(1-$C17)+($B17*ABS(US_SHOCK_Y1)/10*FISCAL_EFFECT*(1-$E17)*$G17)/4) | O17: =MIN(0,N17*(1-$C17)+($B17*ABS(US_SHOCK_Y1)/10*FISCAL_EFFECT*(1-$E17)*$G17)/4) | P17: =MIN(0,O17*(1-$C17)+($B17*ABS(US_SHOCK_Y1)/10*FISCAL_EFFECT*(1-$E17)*$G17)/4) | Q17: =MIN(0,P17*(1-$C17)+($B17*ABS(US_SHOCK_Y1)/10*FISCAL_EFFECT*(1-$E17)*$G17)/4) | R17: =1-L17/H17 | S17: =1-Q17/M17 | T17: =(S17-R17)*100 | U17: =IF(R17>=S17,"FAIL","PASS")
A18: CHN_AGING_PENALTY = 0.45 | B18: =STIM_PER_10PTS | C18: =BASE_RECOVERY_RATE | D18: 0.45 | E18: =US_AGING_PENALTY | F18: =CHN_LABOR_FACTOR | G18: =US_LABOR_FACTOR | H18: =CHN_SHOCK_Y1 | I18: =MIN(0,H18*(1-$C18)+($B18*ABS(CHN_SHOCK_Y1)/10*FISCAL_EFFECT*(1-$D18)*$F18)/4) | J18: =MIN(0,I18*(1-$C18)+($B18*ABS(CHN_SHOCK_Y1)/10*FISCAL_EFFECT*(1-$D18)*$F18)/4) | K18: =MIN(0,J18*(1-$C18)+($B18*ABS(CHN_SHOCK_Y1)/10*FISCAL_EFFECT*(1-$D18)*$F18)/4) | L18: =MIN(0,K18*(1-$C18)+($B18*ABS(CHN_SHOCK_Y1)/10*FISCAL_EFFECT*(1-$D18)*$F18)/4) | M18: =US_SHOCK_Y1 | N18: =MIN(0,M18*(1-$C18)+($B18*ABS(US_SHOCK_Y1)/10*FISCAL_EFFECT*(1-$E18)*$G18)/4) | O18: =MIN(0,N18*(1-$C18)+($B18*ABS(US_SHOCK_Y1)/10*FISCAL_EFFECT*(1-$E18)*$G18)/4) | P18: =MIN(0,O18*(1-$C18)+($B18*ABS(US_SHOCK_Y1)/10*FISCAL_EFFECT*(1-$E18)*$G18)/4) | Q18: =MIN(0,P18*(1-$C18)+($B18*ABS(US_SHOCK_Y1)/10*FISCAL_EFFECT*(1-$E18)*$G18)/4) | R18: =1-L18/H18 | S18: =1-Q18/M18 | T18: =(S18-R18)*100 | U18: =IF(R18>=S18,"FAIL","PASS")
A19: CHN_AGING_PENALTY = 0.6 | B19: =STIM_PER_10PTS | C19: =BASE_RECOVERY_RATE | D19: 0.6 | E19: =US_AGING_PENALTY | F19: =CHN_LABOR_FACTOR | G19: =US_LABOR_FACTOR | H19: =CHN_SHOCK_Y1 | I19: =MIN(0,H19*(1-$C19)+($B19*ABS(CHN_SHOCK_Y1)/10*FISCAL_EFFECT*(1-$D19)*$F19)/4) | J19: =MIN(0,I19*(1-$C19)+($B19*ABS(CHN_SHOCK_Y1)/10*FISCAL_EFFECT*(1-$D19)*$F19)/4) | K19: =MIN(0,J19*(1-$C19)+($B19*ABS(CHN_SHOCK_Y1)/10*FISCAL_EFFECT*(1-$D19)*$F19)/4) | L19: =MIN(0,K19*(1-$C19)+($B19*ABS(CHN_SHOCK_Y1)/10*FISCAL_EFFECT*(1-$D19)*$F19)/4) | M19: =US_SHOCK_Y1 | N19: =MIN(0,M19*(1-$C19)+($B19*ABS(US_SHOCK_Y1)/10*FISCAL_EFFECT*(1-$E19)*$G19)/4) | O19: =MIN(0,N19*(1-$C19)+($B19*ABS(US_SHOCK_Y1)/10*FISCAL_EFFECT*(1-$E19)*$G19)/4) | P19: =MIN(0,O19*(1-$C19)+($B19*ABS(US_SHOCK_Y1)/10*FISCAL_EFFECT*(1-$E19)*$G19)/4) | Q19: =MIN(0,P19*(1-$C19)+($B19*ABS(US_SHOCK_Y1)/10*FISCAL_EFFECT*(1-$E19)*$G19)/4) | R19: =1-L19/H19 | S19: =1-Q19/M19 | T19: =(S19-R19)*100 | U19: =IF(R19>=S19,"FAIL","PASS")
A20: US_AGING_PENALTY = 0 | B20: =STIM_PER_10PTS | C20: =BASE_RECOVERY_RATE | D20: =CHN_AGING_PENALTY | E20: 0 | F20: =CHN_LABOR_FACTOR | G20: =US_LABOR_FACTOR | H20: =CHN_SHOCK_Y1 | I20: =MIN(0,H20*(1-$C20)+($B20*ABS(CHN_SHOCK_Y1)/10*FISCAL_EFFECT*(1-$D20)*$F20)/4) | J20: =MIN(0,I20*(1-$C20)+($B20*ABS(CHN_SHOCK_Y1)/10*FISCAL_EFFECT*(1-$D20)*$F20)/4) | K20: =MIN(0,J20*(1-$C20)+($B20*ABS(CHN_SHOCK_Y1)/10*FISCAL_EFFECT*(1-$D20)*$F20)/4) | L20: =MIN(0,K20*(1-$C20)+($B20*ABS(CHN_SHOCK_Y1)/10*FISCAL_EFFECT*(1-$D20)*$F20)/4) | M20: =US_SHOCK_Y1 | N20: =MIN(0,M20*(1-$C20)+($B20*ABS(US_SHOCK_Y1)/10*FISCAL_EFFECT*(1-$E20)*$G20)/4) | O20: =MIN(0,N20*(1-$C20)+($B20*ABS(US_SHOCK_Y1)/10*FISCAL_EFFECT*(1-$E20)*$G20)/4) | P20: =MIN(0,O20*(1-$C20)+($B20*ABS(US_SHOCK_Y1)/10*FISCAL_EFFECT*(1-$E20)*$G20)/4) | Q20: =MIN(0,P20*(1-$C20)+($B20*ABS(US_SHOCK_Y1)/10*FISCAL_EFFECT*(1-$E20)*$G20)/4) | R20: =1-L20/H20 | S20: =1-Q20/M20 | T20: =(S20-R20)*100 | U20: =IF(R20>=S20,"FAIL","PASS")
A21: US_AGING_PENALTY = 0.19 | B21: =STIM_PER_10PTS | C21: =BASE_RECOVERY_RATE | D21: =CHN_AGING_PENALTY | E21: 0.19 | F21: =CHN_LABOR_FACTOR | G21: =US_LABOR_FACTOR | H21: =CHN_SHOCK_Y1 | I21: =MIN(0,H21*(1-$C21)+($B21*ABS(CHN_SHOCK_Y1)/10*FISCAL_EFFECT*(1-$D21)*$F21)/4) | J21: =MIN(0,I21*(1-$C21)+($B21*ABS(CHN_SHOCK_Y1)/10*FISCAL_EFFECT*(1-$D21)*$F21)/4) | K21: =MIN(0,J21*(1-$C21)+($B21*ABS(CHN_SHOCK_Y1)/10*FISCAL_EFFECT*(1-$D21)*$F21)/4) | L21: =MIN(0,K21*(1-$C21)+($B21*ABS(CHN_SHOCK_Y1)/10*FISCAL_EFFECT*(1-$D21)*$F21)/4) | M21: =US_SHOCK_Y1 | N21: =MIN(0,M21*(1-$C21)+($B21*ABS(US_SHOCK_Y1)/10*FISCAL_EFFECT*(1-$E21)*$G21)/4) | O21: =MIN(0,N21*(1-$C21)+($B21*ABS(US_SHOCK_Y1)/10*FISCAL_EFFECT*(1-$E21)*$G21)/4) | P21: =MIN(0,O21*(1-$C21)+($B21*ABS(US_SHOCK_Y1)/10*FISCAL_EFFECT*(1-$E21)*$G21)/4) | Q21: =MIN(0,P21*(1-$C21)+($B21*ABS(US_SHOCK_Y1)/10*FISCAL_EFFECT*(1-$E21)*$G21)/4) | R21: =1-L21/H21 | S21: =1-Q21/M21 | T21: =(S21-R21)*100 | U21: =IF(R21>=S21,"FAIL","PASS")
A22: US_AGING_PENALTY = 0.38 | B22: =STIM_PER_10PTS | C22: =BASE_RECOVERY_RATE | D22: =CHN_AGING_PENALTY | E22: 0.38 | F22: =CHN_LABOR_FACTOR | G22: =US_LABOR_FACTOR | H22: =CHN_SHOCK_Y1 | I22: =MIN(0,H22*(1-$C22)+($B22*ABS(CHN_SHOCK_Y1)/10*FISCAL_EFFECT*(1-$D22)*$F22)/4) | J22: =MIN(0,I22*(1-$C22)+($B22*ABS(CHN_SHOCK_Y1)/10*FISCAL_EFFECT*(1-$D22)*$F22)/4) | K22: =MIN(0,J22*(1-$C22)+($B22*ABS(CHN_SHOCK_Y1)/10*FISCAL_EFFECT*(1-$D22)*$F22)/4) | L22: =MIN(0,K22*(1-$C22)+($B22*ABS(CHN_SHOCK_Y1)/10*FISCAL_EFFECT*(1-$D22)*$F22)/4) | M22: =US_SHOCK_Y1 | N22: =MIN(0,M22*(1-$C22)+($B22*ABS(US_SHOCK_Y1)/10*FISCAL_EFFECT*(1-$E22)*$G22)/4) | O22: =MIN(0,N22*(1-$C22)+($B22*ABS(US_SHOCK_Y1)/10*FISCAL_EFFECT*(1-$E22)*$G22)/4) | P22: =MIN(0,O22*(1-$C22)+($B22*ABS(US_SHOCK_Y1)/10*FISCAL_EFFECT*(1-$E22)*$G22)/4) | Q22: =MIN(0,P22*(1-$C22)+($B22*ABS(US_SHOCK_Y1)/10*FISCAL_EFFECT*(1-$E22)*$G22)/4) | R22: =1-L22/H22 | S22: =1-Q22/M22 | T22: =(S22-R22)*100 | U22: =IF(R22>=S22,"FAIL","PASS")
A23: US_AGING_PENALTY = 0.5 | B23: =STIM_PER_10PTS | C23: =BASE_RECOVERY_RATE | D23: =CHN_AGING_PENALTY | E23: 0.5 | F23: =CHN_LABOR_FACTOR | G23: =US_LABOR_FACTOR | H23: =CHN_SHOCK_Y1 | I23: =MIN(0,H23*(1-$C23)+($B23*ABS(CHN_SHOCK_Y1)/10*FISCAL_EFFECT*(1-$D23)*$F23)/4) | J23: =MIN(0,I23*(1-$C23)+($B23*ABS(CHN_SHOCK_Y1)/10*FISCAL_EFFECT*(1-$D23)*$F23)/4) | K23: =MIN(0,J23*(1-$C23)+($B23*ABS(CHN_SHOCK_Y1)/10*FISCAL_EFFECT*(1-$D23)*$F23)/4) | L23: =MIN(0,K23*(1-$C23)+($B23*ABS(CHN_SHOCK_Y1)/10*FISCAL_EFFECT*(1-$D23)*$F23)/4) | M23: =US_SHOCK_Y1 | N23: =MIN(0,M23*(1-$C23)+($B23*ABS(US_SHOCK_Y1)/10*FISCAL_EFFECT*(1-$E23)*$G23)/4) | O23: =MIN(0,N23*(1-$C23)+($B23*ABS(US_SHOCK_Y1)/10*FISCAL_EFFECT*(1-$E23)*$G23)/4) | P23: =MIN(0,O23*(1-$C23)+($B23*ABS(US_SHOCK_Y1)/10*FISCAL_EFFECT*(1-$E23)*$G23)/4) | Q23: =MIN(0,P23*(1-$C23)+($B23*ABS(US_SHOCK_Y1)/10*FISCAL_EFFECT*(1-$E23)*$G23)/4) | R23: =1-L23/H23 | S23: =1-Q23/M23 | T23: =(S23-R23)*100 | U23: =IF(R23>=S23,"FAIL","PASS")
A24: Labor factors 2015–2025 (pre-lock version) | B24: =STIM_PER_10PTS | C24: =BASE_RECOVERY_RATE | D24: =CHN_AGING_PENALTY | E24: =US_AGING_PENALTY | F24: =CHN_LABOR_FACTOR_1525 | G24: =US_LABOR_FACTOR_1525 | H24: =CHN_SHOCK_Y1 | I24: =MIN(0,H24*(1-$C24)+($B24*ABS(CHN_SHOCK_Y1)/10*FISCAL_EFFECT*(1-$D24)*$F24)/4) | J24: =MIN(0,I24*(1-$C24)+($B24*ABS(CHN_SHOCK_Y1)/10*FISCAL_EFFECT*(1-$D24)*$F24)/4) | K24: =MIN(0,J24*(1-$C24)+($B24*ABS(CHN_SHOCK_Y1)/10*FISCAL_EFFECT*(1-$D24)*$F24)/4) | L24: =MIN(0,K24*(1-$C24)+($B24*ABS(CHN_SHOCK_Y1)/10*FISCAL_EFFECT*(1-$D24)*$F24)/4) | M24: =US_SHOCK_Y1 | N24: =MIN(0,M24*(1-$C24)+($B24*ABS(US_SHOCK_Y1)/10*FISCAL_EFFECT*(1-$E24)*$G24)/4) | O24: =MIN(0,N24*(1-$C24)+($B24*ABS(US_SHOCK_Y1)/10*FISCAL_EFFECT*(1-$E24)*$G24)/4) | P24: =MIN(0,O24*(1-$C24)+($B24*ABS(US_SHOCK_Y1)/10*FISCAL_EFFECT*(1-$E24)*$G24)/4) | Q24: =MIN(0,P24*(1-$C24)+($B24*ABS(US_SHOCK_Y1)/10*FISCAL_EFFECT*(1-$E24)*$G24)/4) | R24: =1-L24/H24 | S24: =1-Q24/M24 | T24: =(S24-R24)*100 | U24: =IF(R24>=S24,"FAIL","PASS")
A25: No aging penalties, labor factors = 1 (rig test) | B25: =STIM_PER_10PTS | C25: =BASE_RECOVERY_RATE | D25: 0 | E25: 0 | F25: 1 | G25: 1 | H25: =CHN_SHOCK_Y1 | I25: =MIN(0,H25*(1-$C25)+($B25*ABS(CHN_SHOCK_Y1)/10*FISCAL_EFFECT*(1-$D25)*$F25)/4) | J25: =MIN(0,I25*(1-$C25)+($B25*ABS(CHN_SHOCK_Y1)/10*FISCAL_EFFECT*(1-$D25)*$F25)/4) | K25: =MIN(0,J25*(1-$C25)+($B25*ABS(CHN_SHOCK_Y1)/10*FISCAL_EFFECT*(1-$D25)*$F25)/4) | L25: =MIN(0,K25*(1-$C25)+($B25*ABS(CHN_SHOCK_Y1)/10*FISCAL_EFFECT*(1-$D25)*$F25)/4) | M25: =US_SHOCK_Y1 | N25: =MIN(0,M25*(1-$C25)+($B25*ABS(US_SHOCK_Y1)/10*FISCAL_EFFECT*(1-$E25)*$G25)/4) | O25: =MIN(0,N25*(1-$C25)+($B25*ABS(US_SHOCK_Y1)/10*FISCAL_EFFECT*(1-$E25)*$G25)/4) | P25: =MIN(0,O25*(1-$C25)+($B25*ABS(US_SHOCK_Y1)/10*FISCAL_EFFECT*(1-$E25)*$G25)/4) | Q25: =MIN(0,P25*(1-$C25)+($B25*ABS(US_SHOCK_Y1)/10*FISCAL_EFFECT*(1-$E25)*$G25)/4) | R25: =1-L25/H25 | S25: =1-Q25/M25 | T25: =(S25-R25)*100 | U25: =IF(R25>=S25,"FAIL","PASS")
A26: No stimulus, no base recovery (zero test) | B26: 0 | C26: 0 | D26: =CHN_AGING_PENALTY | E26: =US_AGING_PENALTY | F26: =CHN_LABOR_FACTOR | G26: =US_LABOR_FACTOR | H26: =CHN_SHOCK_Y1 | I26: =MIN(0,H26*(1-$C26)+($B26*ABS(CHN_SHOCK_Y1)/10*FISCAL_EFFECT*(1-$D26)*$F26)/4) | J26: =MIN(0,I26*(1-$C26)+($B26*ABS(CHN_SHOCK_Y1)/10*FISCAL_EFFECT*(1-$D26)*$F26)/4) | K26: =MIN(0,J26*(1-$C26)+($B26*ABS(CHN_SHOCK_Y1)/10*FISCAL_EFFECT*(1-$D26)*$F26)/4) | L26: =MIN(0,K26*(1-$C26)+($B26*ABS(CHN_SHOCK_Y1)/10*FISCAL_EFFECT*(1-$D26)*$F26)/4) | M26: =US_SHOCK_Y1 | N26: =MIN(0,M26*(1-$C26)+($B26*ABS(US_SHOCK_Y1)/10*FISCAL_EFFECT*(1-$E26)*$G26)/4) | O26: =MIN(0,N26*(1-$C26)+($B26*ABS(US_SHOCK_Y1)/10*FISCAL_EFFECT*(1-$E26)*$G26)/4) | P26: =MIN(0,O26*(1-$C26)+($B26*ABS(US_SHOCK_Y1)/10*FISCAL_EFFECT*(1-$E26)*$G26)/4) | Q26: =MIN(0,P26*(1-$C26)+($B26*ABS(US_SHOCK_Y1)/10*FISCAL_EFFECT*(1-$E26)*$G26)/4) | R26: =1-L26/H26 | S26: =1-Q26/M26 | T26: =(S26-R26)*100 | U26: =IF(R26>=S26,"FAIL","PASS")
A27: Break-even China penalty (tie test) | B27: =STIM_PER_10PTS | C27: =BASE_RECOVERY_RATE | D27: =CHN_BREAKEVEN_PENALTY | E27: =US_AGING_PENALTY | F27: =CHN_LABOR_FACTOR | G27: =US_LABOR_FACTOR | H27: =CHN_SHOCK_Y1 | I27: =MIN(0,H27*(1-$C27)+($B27*ABS(CHN_SHOCK_Y1)/10*FISCAL_EFFECT*(1-$D27)*$F27)/4) | J27: =MIN(0,I27*(1-$C27)+($B27*ABS(CHN_SHOCK_Y1)/10*FISCAL_EFFECT*(1-$D27)*$F27)/4) | K27: =MIN(0,J27*(1-$C27)+($B27*ABS(CHN_SHOCK_Y1)/10*FISCAL_EFFECT*(1-$D27)*$F27)/4) | L27: =MIN(0,K27*(1-$C27)+($B27*ABS(CHN_SHOCK_Y1)/10*FISCAL_EFFECT*(1-$D27)*$F27)/4) | M27: =US_SHOCK_Y1 | N27: =MIN(0,M27*(1-$C27)+($B27*ABS(US_SHOCK_Y1)/10*FISCAL_EFFECT*(1-$E27)*$G27)/4) | O27: =MIN(0,N27*(1-$C27)+($B27*ABS(US_SHOCK_Y1)/10*FISCAL_EFFECT*(1-$E27)*$G27)/4) | P27: =MIN(0,O27*(1-$C27)+($B27*ABS(US_SHOCK_Y1)/10*FISCAL_EFFECT*(1-$E27)*$G27)/4) | Q27: =MIN(0,P27*(1-$C27)+($B27*ABS(US_SHOCK_Y1)/10*FISCAL_EFFECT*(1-$E27)*$G27)/4) | R27: =1-L27/H27 | S27: =1-Q27/M27 | T27: =(S27-R27)*100 | U27: =IF(R27>=S27,"FAIL","PASS")
A29: Break-even
A30: CHN_BREAKEVEN_PENALTY | B30: =1-(1-US_AGING_PENALTY)*US_LABOR_FACTOR/CHN_LABOR_FACTOR | C30: China aging penalty at which both countries recover the same share. Above it the hypothesis survives; below it the falsifier triggers. Closed form holds while BASE_RECOVERY_RATE = 0 and no gap hits zero (the hit size cancels out); the tie-test row above confirms it.
A31: Locked China penalty minus break-even (pts) | B31: =(CHN_AGING_PENALTY-CHN_BREAKEVEN_PENALTY)*100
A32: US_BREAKEVEN_PENALTY | B32: =1-(1-CHN_AGING_PENALTY)*CHN_LABOR_FACTOR/US_LABOR_FACTOR | C32: U.S. aging penalty at which the two tie, holding China at its locked penalty. Below it the hypothesis survives.
A33: CHN_BREAKEVEN_WAP_2031 | B33: =CHN_WAP_2027*(1-US_AGING_PENALTY)*US_LABOR_FACTOR/(1-CHN_AGING_PENALTY) | C33: China 2031 working-age population (million) that would produce a tie, holding everything else at locked values.

Sheet Checks
A1: Checks — hand-checks, acceptance criteria, structural checks
A2: Expected values are hand calculations typed in as targets. They are not referenced by any calculation on the other sheets.
A4: Check | B4: Model value | C4: Expected | D4: Tolerance | E4: Result
A5: 1. China baseline 2031 = 100 × 1.040 × 1.040 × 1.037 × 1.033 × 1.033 | B5: =CHN_BASE_2031 | C5: 119.68675 | D5: 0.0001 | E5: =IF(ABS(B5-C5)<=D5,"PASS","FAIL")
A6: 1. U.S. baseline 2031 = 100 × 1.021 × 1.021 × 1.019 × 1.018 × 1.018 | B6: =US_BASE_2031 | C6: 110.08325 | D6: 0.0001 | E6: =IF(ABS(B6-C6)<=D6,"PASS","FAIL")
A7: Hand-check: China RECOVERED_5 = 0.5 × 1.5 × 0.70 × (958.656955 / 983.812239) | B7: =CHN_RECOVERED_5 | C7: 0.511576 | D7: 1e-06 | E7: =IF(ABS(B7-C7)<=D7,"PASS","FAIL")
A8: Hand-check: U.S. RECOVERED_5 = 0.5 × 1.5 × 0.62 × (221.795554 / 220.751816) | B8: =US_RECOVERED_5 | C8: 0.467199 | D8: 1e-06 | E8: =IF(ABS(B8-C8)<=D8,"PASS","FAIL")
A9: 2. Rig test: no penalties, labor factors = 1 → U.S. − China gap in shares (pts) | B9: =Sensitivity!T25 | C9: 0 | D9: 1e-09 | E9: =IF(ABS(B9-C9)<=D9,"PASS","FAIL")
A10: 3. Zero test: China RECOVERED_5 with STIM_PER_10PTS = 0 and BASE_RECOVERY_RATE = 0 | B10: =Sensitivity!R26 | C10: 0 | D10: 1e-09 | E10: =IF(ABS(B10-C10)<=D10,"PASS","FAIL")
A11: 3. Zero test: U.S. RECOVERED_5 with STIM_PER_10PTS = 0 and BASE_RECOVERY_RATE = 0 | B11: =Sensitivity!S26 | C11: 0 | D11: 1e-09 | E11: =IF(ABS(B11-C11)<=D11,"PASS","FAIL")
A12: 6. Break-even reported: tie-test row U.S. − China (pts) | B12: =Sensitivity!T27 | C12: 0 | D12: 1e-09 | E12: =IF(ABS(B12-C12)<=D12,"PASS","FAIL")
A13: Main Sensitivity row matches the Recovery sheet (China) | B13: =Sensitivity!R5-CHN_RECOVERED_5 | C13: 0 | D13: 1e-12 | E13: =IF(ABS(B13-C13)<=D13,"PASS","FAIL")
A14: Main Sensitivity row matches the Recovery sheet (U.S.) | B14: =Sensitivity!S5-US_RECOVERED_5 | C14: 0 | D14: 1e-12 | E14: =IF(ABS(B14-C14)<=D14,"PASS","FAIL")
A15: 4. No gap value is positive (Scenario and Sensitivity) | B15: =MAX(Scenario!$C$10:$C$14,Scenario!$E$10:$E$14,Sensitivity!$H$5:$Q$27) | C15: ≤ 0 | E15: =IF(B15<=0,"PASS","FAIL")
A16: 7. 2015–2025 labor-factor result shown next to the main result (China, U.S.) | B16: =TEXT(Sensitivity!R24,"0.0%")&" / "&TEXT(Sensitivity!S24,"0.0%") | C16: both numbers present | E16: =IF(AND(ISNUMBER(Sensitivity!R24),ISNUMBER(Sensitivity!S24)),"PASS","FAIL")
A17: 5. No hard-coded inputs in formulas (structural scan by the build script) | B17: none found | C17: only structural constants (0, 1, 4, 10, 100) and Sensitivity test values | E17: PASS
A19: Falsifier result (from Recovery) | B19: =HYPOTHESIS_RESULT
